Redirect from,Redirect to
/pages/spray-tanning,/pages/our-services
/pages/austin-services,/pages/our-services
/pages/dallas-services,/pages/our-services
/pages/houston-services,/pages/our-services
/pages/about-us,/pages/our-story
/pages/dallas-temp,/pages/dallas
/pages/memberships,/pages/our-services
/pages/austin-new,/pages/austin
/pages/dallas-new,/pages/dallas
/pages/houston-new,/pages/houston
/collections/all,/collections/tanning-products
/collections/frontpage,/collections/tanning-products
/collections,/collections/tanning-products
